Feature,Coefficient,Absolute_Coefficient
worst texture,-0.5486390193170116,0.5486390193170116
worst radius,-0.5155981557340735,0.5155981557340735
worst concave points,-0.49677726247493376,0.49677726247493376
worst area,-0.49566437711993383,0.49566437711993383
worst perimeter,-0.4728292110651057,0.4728292110651057
radius error,-0.45903444392754583,0.45903444392754583
mean texture,-0.42802142826179074,0.42802142826179074
mean concave points,-0.41379949574868663,0.41379949574868663
area error,-0.40991931423027256,0.40991931423027256
worst symmetry,-0.4055473988071751,0.4055473988071751
mean area,-0.39481676756096945,0.39481676756096945
worst smoothness,-0.39001799346474675,0.39001799346474675
mean radius,-0.38986758732927707,0.38986758732927707
mean perimeter,-0.3776880182674325,0.3776880182674325
worst concavity,-0.3516598972689424,0.3516598972689424
perimeter error,-0.3295108324655809,0.3295108324655809
mean concavity,-0.3098270706862031,0.3098270706862031
compactness error,0.23401558153148447,0.23401558153148447
fractal dimension error,0.2197440636693308,0.2197440636693308
mean fractal dimension,0.18846372993796978,0.18846372993796978
mean smoothness,-0.17508843630597049,0.17508843630597049
mean symmetry,-0.15308338805448954,0.15308338805448954
worst compactness,-0.14674271101577677,0.14674271101577677
concave points error,-0.13878027902453494,0.13878027902453494
symmetry error,0.12840899025895516,0.12840899025895516
worst fractal dimension,-0.1267292278069388,0.1267292278069388
concavity error,0.093034628923452,0.093034628923452
smoothness error,-0.05541813824025797,0.05541813824025797
texture error,0.0388658061246626,0.0388658061246626
mean compactness,0.0032435017508999795,0.0032435017508999795
