param_model__C,param_model__penalty,mean_test_score,std_test_score,rank_test_score
0.1,l2,0.9860559194087166,0.004286746996914233,1
1.0,l2,0.9842241757556247,0.006624651976786292,2
0.01,l2,0.9790083905415713,0.00894010511514871,3
1.0,l1,0.9719204134196637,0.0069851435570689215,4
0.1,l1,0.9714225751163035,0.01471034301770418,5
10.0,l2,0.9704610845306452,0.008795037204633977,6
100.0,l2,0.9665805940760569,0.01164556428485856,7
100.0,l1,0.9630311516810373,0.009961845110020245,8
10.0,l1,0.9628513774684053,0.01538284787809311,9
0.01,l1,0.9328346528346529,0.01861662273642933,10
